,names,scores,logfoldchanges,pvals,pvals_adj
0,HNRNPU,-4.83815,-2.9214919,4.231396709798471e-06,0.03927582426034941
