,names,scores,logfoldchanges,pvals,pvals_adj
0,IGKC,5.0424633,1.6920568,9.522427631048988e-06,0.003535486930855868
1,IGHA1,4.005184,1.9424076,0.0002574583254178528,0.022424023634259764
2,JCHAIN,3.7607715,2.1287704,0.0005513624083940884,0.034118305831426186
3,DMBT1,3.6004174,2.2567666,0.0008588232576354957,0.04491193033693461
