,names,scores,logfoldchanges,pvals,pvals_adj
0,IGHA1,4.9981775,1.1898489,7.943339252777048e-07,0.007373007494427657
1,IGHG3,4.8447356,1.3156304,1.6730131024195113e-06,0.007764453808328952
2,IGHG2,4.5094686,25.58653,9.190220851524067e-06,0.01746167631779823
3,PDZK1IP1,4.267885,2.8765936,2.4717806799491355e-05,0.0362652240408077
4,APOL1,4.205354,2.1540248,3.104738668967199e-05,0.0362652240408077
5,REG1A,4.168135,1.2347554,3.635047055464274e-05,0.03748945196535488
