,names,scores,logfoldchanges,pvals,pvals_adj
0,CCL21,-2.6833265,-3.3458805,0.013129050676159599,0.04467982186805238
1,DEFA5,-3.9459546,-1.961615,0.0005569431458669245,0.004133637345884604
