,names,scores,logfoldchanges,pvals,pvals_adj
0,IGLC1,5.197528,28.593344,9.519896063127105e-06,0.014727279209657631
