,names,scores,logfoldchanges,pvals,pvals_adj
0,IGKC,11.427273,2.814985,5.736832046453205e-13,1.7749758351726216e-09
1,AL627171.2,8.475488,2.5094752,4.9600353517904795e-09,1.1509762033829809e-05
2,REG1A,7.633736,4.1116443,1.655401642195403e-07,0.0003073087608571546
3,IGHA1,5.972975,3.2777057,7.743706756991132e-06,0.008984635764798962
4,IGHG4,4.9254255,1.9582549,3.952953029849147e-05,0.0333557363845998
