,names,scores,logfoldchanges,pvals,pvals_adj
0,MT-ATP8,-4.357079,-27.779922,5.80709160047332e-05,0.04491785352966113
1,IGHG1,-4.5596695,-2.7611737,2.2034694947136552e-05,0.021104238706595054
2,HDHD3,-4.6303234,-27.763647,2.2736736378576873e-05,0.021104238706595054
3,SAMHD1,-5.0714207,-28.824274,4.799618210203976e-06,0.006364293746730472
4,DEFA6,-5.300046,-2.920944,1.4873959695606882e-06,0.0023010015649103845
5,MTRNR2L12,-9.942531,-4.394774,4.4317653109227715e-15,2.0567822807992584e-11
6,MALAT1,-11.901957,-5.765401,1.994149520232171e-18,1.8509695846795014e-14
