,names,scores,logfoldchanges,pvals,pvals_adj
0,AL627171.2,6.023829,2.1551793,2.0131532020748658e-05,0.0023956523104690904
1,IGKC,4.3050475,1.7723323,0.0008283358563912586,0.01601498854702367
2,IGHA1,4.26302,2.121167,0.0008299083700838598,0.01601498854702367
3,IGHG4,3.8964627,1.771554,0.00228114517295575,0.027677894765196435
4,REG1A,3.7112255,2.0271254,0.0026780154460964455,0.029840743542217538
