,Bacteria,Relative Risk,95% CI Lower,95% CI Upper,p-value,PARP,previous_report,q-value
2,Blautia argi,1.3783783783783785,1.3195864029429971,1.4397897324068447,3.380976121617542e-47,0.014342682542650278,-,3.380976121617542e-47
