,Bacteria,Relative Risk,95% CI Lower,95% CI Upper,p-value,PARP,previous_report,q-value
22,Escherichia coli APEC O1,1.6624077228847245,1.2898438302270125,2.142584530268584,8.640010123788799e-05,0.075004066872893,bad,0.00011520013498385064
16,Escherichia coli O157:H7,1.432104761904762,1.2200639676558191,1.6809971472322525,1.118970499502607e-05,0.24422066446688112,bad,2.237940999005214e-05
11,Escherichia coli CFT073,1.3185184883895922,1.1388492828018768,1.5265329929769265,0.00021598999032503447,0.2819294254792412,bad,0.00021598999032503447
4,Hungatella hathewayi WAL-18680,0.43125430624364314,0.32537005410523456,0.5715961696755728,4.885031470353142e-09,-0.9432979688196022,-,1.9540125881412567e-08
