,names,scores,logfoldchanges,pvals,pvals_adj
0,MALAT1,-4.5609446,-2.2898774,8.631250602426558e-05,0.04450848227317961
1,DEFA5,-5.224665,-3.006207,1.9792926821760502e-05,0.015391359097189196
2,DEFA6,-5.447318,-3.336041,1.1408764667196904e-05,0.011766239293435739
