,names,scores,logfoldchanges,pvals,pvals_adj
0,MYO15B,6.3116455,29.291706,9.070444463328936e-08,0.0008419186550861919
1,CAPZB,5.3473563,28.631256,2.576046019869648e-06,0.011955429578215037
