,names,scores,logfoldchanges,pvals,pvals_adj
0,AL627171.2,7.7788916,2.1404104,2.7774557535888558e-09,2.578034430481176e-05
