,names,scores,logfoldchanges,pvals,pvals_adj
0,IL10RB,-5.104178,-28.414219,1.3569319476464289e-05,0.04198347446018051
1,MUC3A,-5.182293,-28.75613,1.0775921180331665e-05,0.04198347446018051
