,names,scores,logfoldchanges,pvals,pvals_adj
0,IGHG3,6.1699133,29.154016,9.702896855492648e-08,0.0009006228861268276
