,names,scores,logfoldchanges,pvals,pvals_adj
0,MALAT1,-5.137419,-2.296432,1.578263939037764e-05,0.02976762726301221
1,DEFA6,-5.377669,-2.9563959,1.6035136426961977e-05,0.02976762726301221
2,MT-CO3,-5.586706,-2.2128816,3.935356029255139e-06,0.012175991554515401
3,DEFA5,-6.175542,-3.436636,2.6718385124056986e-06,0.012175991554515401
