,names,scores,logfoldchanges,pvals,pvals_adj
0,CEL,-3.289638,-2.9339244,0.001157957400082131,0.04976000272019602
1,PANK3,-3.2942688,-1.2205632,0.0011169452469838466,0.048673642171380586
2,APOC3,-3.821265,-1.2901176,0.00016537275046846136,0.014212869165261651
3,GUCA2B,-3.8531973,-1.4224217,0.0001463347356046606,0.013187174911480191
4,FABP6,-3.9727187,-1.0961357,9.149182108484429e-05,0.008754918384634276
5,SUSD2,-4.539278,-1.1857526,8.35559555287205e-06,0.0016157632900366328
