,names,scores,logfoldchanges,pvals,pvals_adj
0,LDHA,4.0351567,1.1606342,0.0006005217875984805,0.005480868468524185
1,IGKC,3.4795804,1.6235573,0.0036841139752199544,0.02077517978006781
2,AFDN,2.9285944,1.6225159,0.010564763006328944,0.04467523017072677
