,names,scores,logfoldchanges,pvals,pvals_adj
0,AL627171.2,5.3856697,2.0413973,1.8695215058794036e-06,0.017352898617572624
