,names,scores,logfoldchanges,pvals,pvals_adj
0,MTRNR2L12,-5.2330446,-1.5896474,1.8277289904737174e-06,0.0008224056628520364
