,names,scores,logfoldchanges,pvals,pvals_adj
0,IGHG1,5.503645,3.099336,9.412389674419296e-07,5.9030946593216153e-05
1,IGHG4,4.181839,2.1715133,9.420789205417112e-05,0.001681703794274385
2,IGHG3,3.4111128,2.4328482,0.0012111471417261014,0.009574746487489084
3,TMEM107,3.3495755,1.3972379,0.0012494769726498986,0.00979757719634867
4,IGKC,3.33208,1.0870296,0.0013194854147062375,0.010240354196741887
5,IGLC2,3.0553946,2.3062832,0.0031412509849683915,0.018223182276547883
6,CCDC9B,2.9153807,3.57689,0.005368062822679835,0.025723468828143636
