,names,scores,logfoldchanges,pvals,pvals_adj
0,IGHG4,5.0909395,3.6951542,9.807971273420265e-05,0.0030461577030745897
1,IGKC,3.4908054,2.389866,0.0028087171601989687,0.02135177123748307
2,IGHA1,3.211153,2.2132115,0.004729744172179368,0.028305277502365504
3,MTRNR2L1,2.9233696,1.5329736,0.008121953618921646,0.0403792037979811
4,IGHM,2.8722658,1.7741971,0.009316296096234392,0.04434556941807571
