,names,scores,logfoldchanges,pvals,pvals_adj
0,HNRNPA1,-5.6420517,-4.4922695,1.964027966787491e-05,0.04557526896930373
1,MT-ND1,-6.3510485,-2.0998662,9.235669483489742e-06,0.04204469090063693
2,TMBIM6,-6.518856,-30.569294,1.3589105009902046e-05,0.04204469090063693
3,PFKL,-6.938621,-30.51751,6.8870349803233046e-06,0.04204469090063693
