,names,scores,logfoldchanges,pvals,pvals_adj
0,DEFA5,-6.188654,-3.6338274,1.8512683381467973e-06,0.01718347271467857
