,names,scores,logfoldchanges,pvals,pvals_adj
0,REG1A,5.1638875,3.5215383,0.00035951142080248907,0.005723816480083539
1,IGKC,4.3881483,2.0411928,0.0011665750777337884,0.013484620014352458
2,EEF1D,3.9031308,1.7929265,0.002435423192672401,0.02179699312543153
3,IGHA1,3.5941927,2.702944,0.004614439427768428,0.03309986612716116
4,IGHG4,3.552964,2.0225744,0.004765551035086851,0.03415740904067656
5,SNHG1,3.5426474,2.0107388,0.004852863612023126,0.034756388924998965
6,AL627171.2,3.5215075,1.719082,0.005117755394619215,0.03520663818778583
7,ATP6V0C,3.4451354,1.3269036,0.004944477530699643,0.03520663818778583
8,TSPAN8,3.4047544,2.054761,0.005985675112950429,0.040643040525534656
