,names,scores,logfoldchanges,pvals,pvals_adj
0,FABP6,-3.5686612,-1.9576596,0.0005149369630545859,0.048771886643598626
1,ATRX,-3.6237376,-2.9089408,0.000468193340999918,0.0462316020336302
2,BOD1L1,-3.672431,-4.1276174,0.00042133654774083724,0.0429763278695654
3,DSP,-3.75,-26.785288,0.00034581204901351745,0.036894568263718036
4,RAD50,-3.933979,-26.90747,0.00018497436303760022,0.02357821434488909
5,GOLGA4,-4.052783,-2.7548459,9.852672802416204e-05,0.015500425246106307
6,MTRNR2L12,-4.425185,-1.2666082,1.8061215219790173e-05,0.0038987023179091252
7,DEFA6,-4.476425,-1.7576507,1.5455444269691172e-05,0.0034156531836017487
8,MALAT1,-10.626328,-2.9553006,5.142330224161435e-20,1.591036971355548e-16
