,names,scores,logfoldchanges,pvals,pvals_adj
0,MALAT1,-3.4884286,-1.4060991,0.0010707565746433403,0.037084934797908524
