,names,scores,logfoldchanges,pvals,pvals_adj
0,REG1A,5.284187,2.4437604,1.007072191878578e-06,0.009347644085016961
1,IGHA1,5.020148,1.908252,2.8238537259846092e-06,0.013105505142294572
