,names,scores,logfoldchanges,pvals,pvals_adj
0,AL627171.2,9.816831,3.6223946,1.3691759501953817e-09,1.2708691169713533e-05
1,IGHM,7.734773,3.6709697,7.358824636163119e-07,0.0034152305136433037
2,REG1A,6.8425264,4.212381,3.6579455877253974e-06,0.009031568196625043
3,IGKC,6.4433074,2.964774,3.892078516106461e-06,0.009031568196625043
