,names,scores,logfoldchanges,pvals,pvals_adj
0,ANKRD12,-3.8883984,-3.8184748,0.0001879244784387711,0.039259365826213824
1,TTC3,-3.9225533,-3.7841616,0.0001652215933944432,0.035664809997377256
2,MT-ATP8,-3.9314725,-3.8323271,0.00016116880348925083,0.03561830557112443
3,APOB,-4.088927,-1.7114633,7.603969646851006e-05,0.021921772474753333
4,MTRNR2L12,-4.6219277,-1.5155679,1.097943222646617e-05,0.0044309169533069135
5,AC073140.1,-5.9556713,-1.3630247,3.8567237998862435e-08,4.33261563639056e-05
6,MALAT1,-10.600701,-3.179405,3.73287626866748e-19,3.464855752577155e-15
