,names,scores,logfoldchanges,pvals,pvals_adj
0,PTMA,-5.3427124,-29.49172,6.164064035897438e-06,0.014303710595300006
1,MLXIPL,-5.3915343,-28.949944,5.325363639843345e-06,0.014303710595300006
2,PRRG3,-5.438,-29.887094,4.6332454363857846e-06,0.014303710595300006
3,SAT1,-7.0334153,-29.872229,4.053915093379669e-08,0.00037628439896750086
