,names,scores,logfoldchanges,pvals,pvals_adj
0,MT-CYB,-6.84327,-2.0370882,8.39620136945995e-07,0.007793354111132726
