,names,scores,logfoldchanges,pvals,pvals_adj
0,IGKC,5.1047997,1.8206111,3.3046062122482266e-06,8.312562293248792e-05
1,IGHG4,4.9641304,2.6273463,7.591326505005393e-06,0.0001521872410787474
2,IGHG1,3.9134965,2.4023407,0.00024901599277533357,0.002125805353729479
3,MUC1,3.2036164,27.495392,0.0027039335071804608,0.012260825995920389
4,TMEM107,3.1978395,1.4285288,0.002113564979512583,0.01040414179087922
5,PDZK1IP1,2.86061,2.835816,0.006140923728238923,0.022440966159651052
6,IGLC2,2.7180784,2.4227257,0.008652298730267072,0.028002314091471046
7,CCDC9B,2.450983,3.2922873,0.018060441211899418,0.04829646076889957
