,names,scores,logfoldchanges,pvals,pvals_adj
0,TRBC2,-3.1216953,-1.7603184,0.022841940244893517,0.047533300148268266
1,RMRP,-4.395905,-1.0233958,0.003566465686051598,0.01081474501729204
