,names,scores,logfoldchanges,pvals,pvals_adj
0,DEFA6,-6.0455947,-3.4923806,4.399783215859544e-06,0.0037126170736007536
1,MALAT1,-6.0689125,-2.7570143,1.7371653099302341e-06,0.0016124368406772432
2,DEFA5,-6.500694,-3.7117443,1.4788645435452505e-06,0.0016124368406772432
