,names,scores,logfoldchanges,pvals,pvals_adj
0,IGHM,6.966909,3.2914114,9.896428217044752e-07,0.00918586467106094
1,IGKC,5.943999,2.9026325,5.198319015642127e-06,0.016083599034396743
2,AL627171.2,5.867457,2.2405653,3.513310604822975e-06,0.016083599034396743
3,REG1A,5.701445,3.3129475,1.592047693044975e-05,0.036943466717108644
