,names,scores,logfoldchanges,pvals,pvals_adj
0,LINC02739,9.006052,28.985254,2.3864840919345644e-14,2.2151345341336628e-10
1,C19orf33,5.140489,27.522951,1.4863442210754394e-06,0.003449061765005557
2,RHOA,4.5262766,26.976593,1.7560585278764145e-05,0.0203746690696861
3,SMIM5,4.25626,27.043331,4.917400732108422e-05,0.04564331359543037
