,names,scores,logfoldchanges,pvals,pvals_adj
0,IGKC,4.697592,1.6040707,8.2423551321772e-06,0.022757035854483833
1,IGHA1,4.4909954,1.7542464,1.857065533835344e-05,0.02872880380843277
2,LINC02739,4.4093537,1.6695608,2.4772936332547652e-05,0.03284891357695818
