,names,scores,logfoldchanges,pvals,pvals_adj
0,AL627171.2,7.8926444,2.5646367,0.0003652543868863731,0.0072287659255422495
1,SERPINA1,5.8950987,2.2002182,0.0012680060845375646,0.016684560420729935
2,DMBT1,5.7297926,3.8071327,0.0019888059560541293,0.022081455602983767
3,IGKC,4.3719196,3.4751863,0.006886143243702717,0.04598392554920706
4,TAPBP,4.259904,3.2029002,0.007521396903658888,0.04598392554920706
