,names,scores,logfoldchanges,pvals,pvals_adj
0,TRA2B,-11.5931015,-2.9777539,3.3467002727436807e-12,3.1064071931606843e-08
