,names,scores,logfoldchanges,pvals,pvals_adj
0,IGKC,4.495212,2.3558154,0.0001982461159482141,0.0028136398290998827
1,IGHG4,4.2977457,2.8462493,0.000341483831767849,0.0039804493539982505
2,REG1A,3.9741673,2.3741126,0.0007593474669545419,0.0068053630902045375
3,IGHG3,3.723964,3.2489913,0.0014298161723740519,0.01058337616585004
4,MUC1,3.5844638,28.545507,0.0022846545171105997,0.014228722774152673
5,IGLC2,3.4845388,3.4368792,0.0023363777628467256,0.014257895065577455
6,DMBT1,3.2980769,2.4892077,0.0036564858768700637,0.01946754320219823
7,IGHA1,2.678084,1.6774287,0.013544960346889916,0.04646131631183747
