,names,scores,logfoldchanges,pvals,pvals_adj
0,AL627171.2,8.216436,2.2008562,4.749520487549332e-08,1.1601328727745499e-05
1,IGKC,7.3105283,2.4955373,2.934633085174204e-07,4.864154338676243e-05
2,REG1A,6.327312,3.6209214,3.3747973124373175e-06,0.0003368265446671309
3,IGHA1,5.785539,2.8253486,1.0148768513292421e-05,0.0006841033902551376
4,IGHG4,4.2953176,1.8245059,0.000311813053426021,0.00769747011143704
5,C1QA,3.6586275,2.8840203,0.0015769412196294443,0.023382058147924125
6,FTL,3.5077608,1.0691415,0.0018285006022657805,0.025676463827883474
7,JCHAIN,3.4097068,2.2588997,0.0027490603676507343,0.03204991574040198
8,DMBT1,3.3446555,2.4571762,0.0031853197812215734,0.03511417839584162
