,names,scores,logfoldchanges,pvals,pvals_adj
0,MALAT1,-2.6942768,-2.198651,0.020609785242768647,0.037791392063093364
1,AL355075.4,-2.940789,-1.2447997,0.012936635355197509,0.02534357310404037
2,RMRP,-4.8561893,-1.2238808,0.00037600368518499037,0.0011925188558034108
