,names,scores,logfoldchanges,pvals,pvals_adj
0,DEFA6,-4.8425093,-2.9829962,4.0978420560352825e-05,0.02716869283151392
