,names,scores,logfoldchanges,pvals,pvals_adj
0,KPNA1,4.483662,25.283543,1.015704362424871e-05,0.03950582657934262
1,GIPC1,4.4726815,3.7811103,9.992238268019788e-06,0.03950582657934262
2,GALNT7,4.410202,2.0812154,1.2768528306187014e-05,0.03950582657934262
3,SGTA,4.2581882,2.0171733,2.4837278054348812e-05,0.046107922980093134
