,names,scores,logfoldchanges,pvals,pvals_adj
0,COL6A3,-3.8160093,-1.3234426,0.00016282712317944138,0.032855681681555976
1,SUSD2,-3.8785596,-1.1777087,0.00012637865845873956,0.027280155995674897
2,PRRG3,-7.121454,-1.6796943,6.864746801773749e-12,9.102654259151991e-09
