,names,scores,logfoldchanges,pvals,pvals_adj
0,RBP2,-2.9093516,-1.7901822,0.008760054771064682,0.04580891740001261
1,PLA2G2A,-2.9314094,-1.9464983,0.008330690163008254,0.043612784034429
2,FABP6,-3.0290914,-2.4740705,0.006798452928361888,0.038761203980992046
3,PABPC1,-3.111589,-1.7039698,0.005567501998968192,0.03188004537595482
4,AL627171.2,-3.5427308,-1.0105594,0.0018986577524263094,0.013122368769933732
5,DEFA6,-3.7388203,-2.0455165,0.0013438452387066814,0.010274770597755696
6,REG3A,-4.249409,-3.1138086,0.0004227216068786873,0.003935508480489444
7,DEFA5,-4.3253675,-3.1239183,0.00035598543554374486,0.0033342651995126537
