,names,scores,logfoldchanges,pvals,pvals_adj
0,MALAT1,-3.2359366,-1.268732,0.0023844461136599934,0.03962533494538952
