,names,scores,logfoldchanges,pvals,pvals_adj
0,LYZ,-3.028719,-1.4341874,0.006304711301569331,0.040027585705312264
1,DEFA6,-3.4178767,-1.7474339,0.002620063447534657,0.01886689598139386
2,DEFA5,-4.153344,-2.8377995,0.0004736695706656682,0.004935731126041073
3,REG3A,-4.218851,-2.8433745,0.00040453051712219305,0.004266877568100223
