,names,scores,logfoldchanges,pvals,pvals_adj
0,MTRNR2L12,-4.6516266,-1.4843551,1.2847416013456115e-05,0.008517836816921405
