,names,scores,logfoldchanges,pvals,pvals_adj
0,TAPBP,-15.4771595,-1.9750286,3.79876703311592e-35,3.526015560138197e-31
