,names,scores,logfoldchanges,pvals,pvals_adj
0,MTRNR2L12,-4.1680746,-1.1300931,0.0001044899862847627,0.009236914787573023
