,names,scores,logfoldchanges,pvals,pvals_adj
0,DEFA5,-4.5985856,-2.250888,6.854764766270701e-05,0.003118917968653169
