,names,scores,logfoldchanges,pvals,pvals_adj
0,AL627171.2,7.5416803,3.0939357,2.1335375125269183e-07,0.0019803495191274855
