,names,scores,logfoldchanges,pvals,pvals_adj
0,HLA-DRA,6.6188397,2.2536838,2.463594560061913e-05,0.028583855883118344
