,names,scores,logfoldchanges,pvals,pvals_adj
0,AL627171.2,5.636448,1.7476096,5.673282525390239e-07,0.00526594084006722
1,IGHG4,5.085191,2.5945473,4.435799047332485e-06,0.020586543378670066
