,names,scores,logfoldchanges,pvals,pvals_adj
0,IGHG4,3.4578025,3.4851153,0.00393897501069681,0.023756703085956978
1,IGKC,3.2001927,2.3004222,0.0061577170693261785,0.031824014386127836
2,IGHG3,3.0332303,3.5693357,0.009129102731388039,0.041074324552953845
