,names,scores,logfoldchanges,pvals,pvals_adj
0,AL627171.2,6.238558,1.8674327,1.2513987782037157e-06,0.0006453046366270493
1,IGKC,6.1291595,2.1544886,1.4517056614120863e-06,0.0007091964183803676
2,IGHG4,5.56092,1.9947164,5.827169869988141e-06,0.0012578555984472076
3,REG1A,4.8960238,3.3055782,4.7309280119751075e-05,0.004990053841721926
4,IGHA1,4.751707,2.3770895,6.177299118166333e-05,0.005808631232327277
5,C1QA,4.5162253,2.9679656,0.00012470736317490933,0.00989345081187614
6,DMBT1,3.8546903,2.4426146,0.0006720815469819598,0.02632177602990106
7,HLA-DRA,3.5620925,1.2405351,0.0012387250290893392,0.038279815513986626
