,names,scores,logfoldchanges,pvals,pvals_adj
0,MAVS,-4.149343,-27.291962,8.429810601082968e-05,0.04346972333291784
1,CLU,-4.350691,-27.76379,4.0659662472704364e-05,0.02358768669197762
2,ANKRD12,-4.44396,-27.448606,2.882752859924196e-05,0.019112651461297418
3,RSRC2,-4.460574,-27.400093,2.7103854781929335e-05,0.019112651461297418
4,MT-ATP8,-4.4905214,-27.462444,2.4245754345159978e-05,0.019112651461297418
5,PNISR,-4.508743,-27.41433,2.2652145346066518e-05,0.019112651461297418
6,MTRNR2L12,-5.2861643,-1.905916,2.5637910006730307e-06,0.003880559646107021
7,MALAT1,-6.7747517,-3.0040534,3.673271575562791e-08,0.00017047653382186914
