,names,scores,logfoldchanges,pvals,pvals_adj
0,IGHM,7.1376495,3.2790058,1.2569594178355335e-06,0.005856288996330167
1,AL627171.2,6.8917317,2.33279,1.261859296774438e-06,0.005856288996330167
