,names,scores,logfoldchanges,pvals,pvals_adj
0,NEAT1,-6.899441,-2.5049233,5.523531449000589e-07,0.005126941890962347
