,names,scores,logfoldchanges,pvals,pvals_adj
0,REG1A,5.9629016,2.441415,2.5743401634943534e-08,0.0002389502539755459
1,PLCG2,5.6241007,3.1457982,1.7073212111202367e-07,0.0007923677740809019
2,AL627171.2,4.996966,1.1542722,2.430492496529207e-06,0.007519943784261366
3,DMBT1,4.4228225,2.094537,2.2379244258100237e-05,0.04481016233683181
4,PLA2G2A,4.3942795,1.8903786,2.4138204232294665e-05,0.04481016233683181
