,names,scores,logfoldchanges,pvals,pvals_adj
0,MTRNR2L12,-2.901767,-2.5424044,0.014207324175714887,0.024552668590390164
1,DEFA5,-3.8506362,-2.6776018,0.0025951072752795705,0.005636200195884921
2,MALAT1,-3.9797127,-2.2101395,0.0020233959911510647,0.004604354398103501
