,names,scores,logfoldchanges,pvals,pvals_adj
0,MTRNR2L12,-4.4561834,-1.3146081,3.177842384439983e-05,0.006275900640930196
