,names,scores,logfoldchanges,pvals,pvals_adj
0,REG3A,-3.2875817,-3.0029526,0.0160439120388422,0.042854558717851314
1,TRBC2,-3.3904335,-1.5739564,0.010795283283230329,0.03365865617566137
2,RMRP,-4.550135,-1.0589919,0.00134339721731416,0.007410046326987551
