,names,scores,logfoldchanges,pvals,pvals_adj
0,UBA52,-4.418607,-2.0697224,0.0001746778513048716,0.04503777266143939
1,MT-ND2,-4.515416,-1.2570729,0.00012350816294891742,0.040942956017566125
2,AL627171.2,-4.5237575,-1.1713893,0.00011148497673009671,0.038326057555879915
3,MT-CO2,-4.6750298,-1.5357604,9.832568844210307e-05,0.035437456970613644
4,EEF1A1,-4.721993,-1.8515999,8.102406205051435e-05,0.03398959858559681
5,MT-CO1,-4.7354016,-1.6001275,8.108976269707272e-05,0.03398959858559681
6,MT-ATP6,-5.0220966,-1.4916819,4.007928950148125e-05,0.02657256893948207
7,MT-ND4,-5.0587516,-1.5303766,3.71129096264153e-05,0.026498617473260523
8,MT-CO3,-5.8678327,-2.0418088,5.325106079443606e-06,0.006178454328674444
