,names,scores,logfoldchanges,pvals,pvals_adj
0,ALDH18A1,4.988424,26.565268,1.4331605452383284e-06,0.013302596180902165
1,THOP1,4.555401,26.223152,9.646909612391277e-06,0.044771307511107916
