,names,scores,logfoldchanges,pvals,pvals_adj
0,IGKC,6.750749,2.967427,2.0778717099511875e-05,0.0005740120598740155
1,IGHG4,6.6056266,4.1820226,5.942615924958795e-05,0.0011257012452136233
2,AL627171.2,5.20336,1.8838551,8.191269255239664e-05,0.0013899700407154398
3,IGHA1,5.082235,2.6272314,0.00022177036833253509,0.0026722032794839223
4,REG1A,4.3817263,2.4128919,0.0011506764726527264,0.00809748219800046
5,LINC02739,3.362087,2.0634174,0.005995346328827533,0.02450409714847079
6,DMBT1,3.1901917,2.10103,0.008333345711066548,0.030214888628953007
