,names,scores,logfoldchanges,pvals,pvals_adj
0,ITM2B,-3.3675864,-1.607414,0.024609286778304366,0.04224937401577015
1,REG3A,-3.5419633,-2.8793137,0.023044921535504727,0.0422232454979382
