,names,scores,logfoldchanges,pvals,pvals_adj
0,REG3A,-4.699483,-2.2275193,1.3272642157126579e-05,0.02463933290048978
1,MTRNR2L12,-5.1907835,-2.1063974,1.3896518142938632e-06,0.0032246870350689095
2,DEFA6,-5.3181148,-2.6246965,1.1383389858171147e-06,0.0032246870350689095
3,DEFA5,-5.787517,-2.7561307,2.0361131513673318e-07,0.0009449601135495787
4,MALAT1,-6.0247145,-1.998601,2.3666740319826594e-08,0.00021967468364863046
