,names,scores,logfoldchanges,pvals,pvals_adj
0,IGHA1,4.3036084,1.63077,3.623060624977277e-05,0.048041783887198694
1,LIMD1-AS1,4.283853,1.8338836,3.5538534789731546e-05,0.048041783887198694
