,names,scores,logfoldchanges,pvals,pvals_adj
0,IGKC,6.274728,2.682578,0.0005657918106120061,0.006163943176174461
1,AL627171.2,5.7360697,1.9638588,0.0009522177032289459,0.008829655066304771
2,HLA-DRA,5.6125846,1.5226827,0.0004264236604828576,0.005253328618810699
3,REG1A,5.396632,4.476616,0.0015598593618287057,0.012678296494303019
4,CD74,3.98161,1.6561922,0.0058229442078268235,0.030177871656643537
5,EEF2,3.701437,1.7606477,0.007857796711237871,0.034403806166844304
