,names,scores,logfoldchanges,pvals,pvals_adj
0,WDR74,5.406985,1.7607201,3.985066808176909e-06,0.03698939011349807
1,AC073140.1,5.235511,1.6379468,9.24043381305763e-06,0.04288485332640046
