,names,scores,logfoldchanges,pvals,pvals_adj
0,REG1A,6.6689987,3.5565825,8.488937817245898e-07,0.003939716040983822
1,IGHA1,5.56845,3.4571908,1.498031931222991e-05,0.024318000695559637
2,AL627171.2,5.10797,2.0601687,2.7493258519715616e-05,0.025519242558000033
