,names,scores,logfoldchanges,pvals,pvals_adj
0,LCN2,5.2838764,3.4356987,2.667458291332226e-07,0.0008253115953381908
