,names,scores,logfoldchanges,pvals,pvals_adj
0,IFI27,4.328133,2.034056,0.0019319567566092597,0.02047080207174332
1,STAT2,3.6141768,2.3226252,0.006131352303126821,0.04169319566126238
