,names,scores,logfoldchanges,pvals,pvals_adj
0,AL627171.2,5.089988,1.4443285,6.3277662938737156e-06,0.004195309052838273
1,IGHA1,4.7591534,1.9317867,2.4866002437237212e-05,0.008571139708800635
2,IGKC,4.5574827,1.8267429,5.347027146326268e-05,0.01337251446436813
3,REG1A,4.1802187,1.4367589,0.0001171876997550984,0.01908309173906708
4,IGHG4,4.1006346,1.8970444,0.00023267902009514897,0.028417456112147008
