,names,scores,logfoldchanges,pvals,pvals_adj
0,TUBA1A,-4.7230277,-28.367329,4.162559030539094e-05,0.04829609115182984
1,ACE,-4.802719,-28.700237,3.295170316057838e-05,0.04369395839092693
2,PARP10,-4.806246,-28.299253,3.261237990466495e-05,0.04369395839092693
3,ATP5ME,-4.8182697,-29.056122,3.148134599913349e-05,0.04369395839092693
4,VIL1,-4.834588,-28.583689,3.0008394033810258e-05,0.04369395839092693
5,IL10RB,-5.104178,-28.414219,1.3569319476464289e-05,0.04198347446018051
6,SLC5A1,-5.379932,-28.986906,6.011001538669715e-06,0.027897058140966147
7,MLXIPL,-5.4582653,-29.001251,4.769036428851619e-06,0.027897058140966147
