,names,scores,logfoldchanges,pvals,pvals_adj
0,MUC3A,5.3217196,28.834843,6.564073269628e-06,0.044181837628972896
1,IGLC1,5.197528,28.593344,9.519896063127105e-06,0.044181837628972896
