,names,scores,logfoldchanges,pvals,pvals_adj
0,DEFA5,-2.7360115,-1.4795403,0.011644099679248223,0.035681919188769236
