,names,scores,logfoldchanges,pvals,pvals_adj
0,AL627171.2,4.328556,1.5537826,7.710894037070404e-05,0.04771501230139166
