,names,scores,logfoldchanges,pvals,pvals_adj
0,RMRP,-4.270803,-1.0880448,0.001966335112922041,0.019926169294343966
