,names,scores,logfoldchanges,pvals,pvals_adj
0,DEFA6,-3.681767,-1.5284607,0.0004681040158880443,0.046744752795875255
