,names,scores,logfoldchanges,pvals,pvals_adj
0,REG1A,5.470674,2.4328728,4.0471449302283847e-07,0.003756559924237987
1,IGHA1,5.2696695,1.9471662,8.966798539533924e-07,0.004161491202197694
