,names,scores,logfoldchanges,pvals,pvals_adj
0,MALAT1,-4.180723,-1.7397821,0.00011193092184562832,0.021644642011898377
