,names,scores,logfoldchanges,pvals,pvals_adj
0,PRRG3,-3.420442,-1.7316061,0.0012938764348337016,0.028808087645850848
1,DEFA6,-4.1226487,-1.6821743,0.00014025351613601415,0.007574775354896478
