,names,scores,logfoldchanges,pvals,pvals_adj
0,IGKC,3.7786427,1.6920142,0.0010129725667600952,0.005563557020513139
1,IGHG4,3.0501251,2.2746613,0.006509181077576811,0.02155285288966187
2,IGHG1,2.6578295,2.2994785,0.015493883832715232,0.03957922617254285
3,AC007952.4,2.519494,1.4429977,0.01900731216785718,0.04719793246175772
