,names,scores,logfoldchanges,pvals,pvals_adj
0,SLC5A12,-3.1590073,-2.570263,0.0033632721354029445,0.04390702104192704
