,names,scores,logfoldchanges,pvals,pvals_adj
0,APOB,-3.9204571,-1.5863991,0.0001393849862757528,0.032344286065288434
1,DEFA5,-3.974736,-1.4303776,0.00011696083630220821,0.030646989381008415
2,AKAP9,-3.986391,-1.9967741,0.00011050215879308127,0.030646989381008415
3,MGAM,-4.016342,-2.9153266,0.00011247019042466414,0.030646989381008415
4,SUSD2,-4.0572977,-27.217815,0.00011805869645143145,0.030646989381008415
5,GOLGA4,-4.2056336,-3.016878,5.619912127868822e-05,0.02086560974835136
6,DEFA6,-4.5370307,-1.709367,1.2811716137342583e-05,0.0059459174593406924
7,MTRNR2L12,-4.874519,-1.555187,3.1441058444453006e-06,0.0015359784446390148
8,MALAT1,-10.309814,-2.986989,6.158522947494734e-19,1.905446999954871e-15
