,names,scores,logfoldchanges,pvals,pvals_adj
0,IGHM,8.295087,4.7761064,6.553453973243828e-07,0.006082915977964922
1,REG1A,6.663084,3.9776893,9.403958729103711e-06,0.04364377246177033
