,names,scores,logfoldchanges,pvals,pvals_adj
0,DEFA5,-4.142115,-1.9168279,0.00015950894764433108,0.03222298915238839
