,names,scores,logfoldchanges,pvals,pvals_adj
0,TRA2B,-7.483315,-2.7495394,2.9527276702378468e-06,0.027407218235147694
