,names,scores,logfoldchanges,pvals,pvals_adj
0,DEFA6,-4.0761743,-1.643257,0.00014934988187202184,0.01050201214800081
