,names,scores,logfoldchanges,pvals,pvals_adj
0,AL627171.2,5.368279,1.5269059,1.0896090035443039e-06,0.002528437692724557
1,IGHG4,4.976508,2.5365472,4.896797777966717e-06,0.0064931538535838666
2,IGHG3,4.83599,3.7576118,1.094019637024989e-05,0.011282989189851053
3,LINC02739,4.7646756,2.864174,1.598012003833771e-05,0.012360622849654218
4,IGHG1,4.709736,3.2888,2.3590967368907244e-05,0.015640811365585504
5,IGKC,4.558383,2.058755,2.074855339090356e-05,0.014814467121105141
6,IGHM,4.4210167,2.6574116,5.412251211575726e-05,0.03349101049723059
