,names,scores,logfoldchanges,pvals,pvals_adj
0,DEFA5,-3.1361105,-1.7942473,0.004497110562348181,0.02514589171067218
1,DEFA6,-3.2565045,-1.6815745,0.0032555009021761946,0.020725349364883017
