,names,scores,logfoldchanges,pvals,pvals_adj
0,DEFA5,-5.6978173,-3.4778953,3.644476315577647e-06,0.03382802916119172
