,names,scores,logfoldchanges,pvals,pvals_adj
0,NEAT1,-6.7961984,-2.1620839,2.7534263796175674e-08,0.00025557303655610264
