,names,scores,logfoldchanges,pvals,pvals_adj
0,NEAT1,-4.5717454,-1.5226185,3.467778420525757e-05,0.035764354777022306
1,MT-ND3,-4.6468916,-1.405599,3.1067722665507174e-05,0.035764354777022306
2,MT-CYB,-4.7175603,-1.2976038,2.2858675856964165e-05,0.0348030928691166
3,MT-CO3,-4.7426486,-1.6503358,2.6246676371882804e-05,0.0348030928691166
4,DEFA6,-4.773129,-2.1664546,2.3472043320632097e-05,0.0348030928691166
5,MT-ATP6,-4.79341,-1.4168252,1.7537952538296627e-05,0.0348030928691166
6,MT-ND2,-4.9490695,-1.4347215,9.480262496190493e-06,0.02933193216321339
7,MALAT1,-6.1510878,-2.1438465,6.398304976865182e-08,0.0005938906679526262
