,names,scores,logfoldchanges,pvals,pvals_adj
0,COG7,4.8306584,25.33445,2.0023723261220213e-06,0.018586019931064603
1,FKBP5,4.4325247,25.163391,1.2317231206173064e-05,0.03810951335189946
2,RAI1,4.4325247,25.163391,1.2317231206173064e-05,0.03810951335189946
3,MPG,4.2779593,25.131922,2.4090514430240198e-05,0.04074748864325493
4,DCTPP1,4.2779593,25.131922,2.4090514430240198e-05,0.04074748864325493
5,UBE2V2,4.2570486,25.176086,2.63396823809017e-05,0.04074748864325493
