,names,scores,logfoldchanges,pvals,pvals_adj
0,EPS8L2,5.2113476,28.050344,2.427895880396568e-06,0.022535729561840946
