,names,scores,logfoldchanges,pvals,pvals_adj
0,IGKC,5.080866,2.1341639,4.16020374654545e-06,0.038615011175434866
