,names,scores,logfoldchanges,pvals,pvals_adj
0,RMRP,-5.4012456,-1.2667336,8.135380952967121e-05,0.0043623565697509135
